extraction_id,source_id,entity_type,entity_id,method,confidence,status
ex001,FIR_001,person,p001,NER+alias_resolution,0.95,success
ex002,FIR_001,person,p002,NER+alias_resolution,0.95,success
ex003,FIR_001,vehicle,v001,regex,0.99,success
ex004,FIR_001,phone,ph001,regex,0.99,success
ex005,FIR_002,person,p002,NER+alias_resolution,0.95,success
ex006,FIR_002,person,p003,NER+alias_resolution,0.95,success
ex007,FIR_002,vehicle,v002,regex,0.99,success
ex008,FIR_002,phone,ph002,regex,0.99,success
ex009,FIR_003,person,p001,NER+alias_resolution,0.95,success
ex010,FIR_003,person,p002,NER+alias_resolution,0.95,success
ex011,FIR_003,person,p004,NER+alias_resolution,0.95,success
ex012,FIR_003,vehicle,v003,regex,0.99,success
ex013,FIR_004,person,p005,NER+alias_resolution,0.95,success
ex014,FIR_004,person,p006,NER+alias_resolution,0.95,success
ex015,FIR_004,vehicle,v004,regex,0.99,success
ex016,FIR_004,phone,ph003,regex,0.99,success
ex017,FIR_005,person,p007,NER+alias_resolution,0.95,success
ex018,FIR_005,person,p008,NER+alias_resolution,0.95,success
ex019,FIR_005,person,p009,NER+alias_resolution,0.95,success
ex020,FIR_005,vehicle,v005,regex,0.99,success
ex021,FIR_006,person,p010,NER+alias_resolution,0.95,success
ex022,FIR_006,person,p011,NER+alias_resolution,0.95,success
ex023,FIR_006,person,p012,NER+alias_resolution,0.95,success
ex024,FIR_006,vehicle,v006,regex,0.99,success
ex025,FIR_006,phone,ph004,regex,0.99,success
ex026,FIR_007,person,p013,NER+alias_resolution,0.95,success
ex027,FIR_007,person,p014,NER+alias_resolution,0.95,success
ex028,FIR_007,person,p015,NER+alias_resolution,0.95,success
ex029,FIR_007,phone,ph005,regex,0.99,success
ex030,FIR_008,person,p016,NER+alias_resolution,0.95,success
ex031,FIR_008,person,p017,NER+alias_resolution,0.95,success
ex032,FIR_008,person,p018,NER+alias_resolution,0.95,success
ex033,FIR_008,phone,ph006,regex,0.99,success
ex034,FIR_009,person,p001,NER+alias_resolution,0.95,success
ex035,FIR_009,person,p002,NER+alias_resolution,0.95,success
ex036,FIR_009,person,p004,NER+alias_resolution,0.95,success
ex037,FIR_010,person,p001,NER+alias_resolution,0.95,success
ex038,FIR_010,person,p003,NER+alias_resolution,0.95,success
ex039,FIR_010,person,p004,NER+alias_resolution,0.95,success
ex040,FIR_010,account,acc001,regex,0.99,success
ex041,FIR_010,account,acc002,regex,0.99,success
ex042,FIR_011,person,p001,NER+alias_resolution,0.95,success
ex043,FIR_011,person,p012,NER+alias_resolution,0.95,success
ex044,FIR_011,vehicle,v006,regex,0.99,success
ex045,FIR_011,phone,ph001,regex,0.99,success
ex046,FIR_012,person,p001,NER+alias_resolution,0.95,success
ex047,FIR_012,person,p002,NER+alias_resolution,0.95,success
ex048,FIR_012,person,p015,NER+alias_resolution,0.95,success
